Word,Count
/,501
<summary>,157
</summary>,157
------------------------------------------------------------------------------,110
=,110
the,60
<auto-generated>,55
</auto-generated>,55
对此文件的更改可能会导致不正确的行为，并且如果,54
此代码由工具生成。,54
运行时版本:4.0.30319.18444,53
重新生成代码，这些更改将会丢失。,53
InitializeComponent,47
to,30
-,28
new,20
,18
if,17
+,15
{,15
color,14
a,13
},13
null;,12
and,11
on,11
is,11
ColorPicker,10
的交互逻辑,9
of,9
*,9
mouse,9
Color,8
double,8
0;,8
Update,8
based,7
==,7
+=,7
for,7
Selected,7
j,6
!=,6
that,6
or,5
return,5
ColorDialog,5
cursor,5
(int,5
Alpha,5
are,5
pixel,5
both,5
public,5
with,5
from,5
initial,5
this,5
an,5
by,5
If,5
set,4
position,4
<,4
StartPage,4
Protein_Adanvaced_Dialog,4
int,4
GeneratedInternalTypeHelper,4
&&,4
SetPropertyValue,4
string,4
Ms2_advance,4
i,4
CreateInstance,4
DependencyObject,4
Application,4
Point,4
aa_mass,4
1;,4
behavior,4
it,4
This,4
true,4
Ms2_setting,4
\null,\,4
理论同位素质荷比,4
Entry,4
not,4
App,4
get,4
SelectedColor,4
Display_ms2_table,4
CreateDelegate,4
MS1_Setting,4
GetPropertyValue,4
MainWindow,4
AddEventHandler,4
DisplayPSM,4
\FileMode.Open,\,3
Axis,3
FileStream,3
as,3
element_name,3
linearAxis2.ActualMinimum),3
linearAxis2.Transform(linearAxis2.ActualMinimum);,3
class,3
constructor,3
value,3
true;,3
(task.quantification_file,3
textStyle;,3
text,3
event,3
initializes,3
document,3
END,3
null),3
display();,3
Set,3
false,3
Distribution:,3
orientation,3
FileAccess.Read);,3
Default,3
Handle,3
ME,3
single,3
3D,3
matches,3
初始化Summary面板,3
ellipse,3
image,3
mainW.Dis_help.Psm_help.Pep.Mods.Add(new,3
Get,3
function.evi.StartTime;,2
axis_lines.Lines.Add(point6);,2
实际信号强度,2
points.Add(new,2
no,2
Aa,2
along,2
was,2
i],2
pieSeries1.ExplodedDistance,2
position[line],2
使用PPM匹配,2
but,2
same,2
\items,\,2
down,2
this.Close();,2
intensity,2
0.0;,2
};,2
:,2
第二行输入数据,2
viewport3d);,2
swatch,2
interfaces,2
control,2
aas[i];,2
file,2
查看task_path是否存在，如果不存在，则提示用户不存在该文件夹，该删除该路径,2
else,2
x,2
axis_lines.Lines.Add(point9);,2
output,2
0),2
Level:,2
Da,2
Based,2
Walk,2
T,2
allow,2
values,2
更新PSMS中的protein_index索引号,2
aa.numbers[j],2
where,2
this.Model2.Axes[1].ActualMaximum);,2
screenPoint,2
(double)element_hash[element_name];,2
0.1;,2
tab,2
Mouse,2
so,2
0.2;,2
under,2
PPM,2
tree,2
更新谱图Spec及肽段Pep,2
e),2
Iterate,2
retrieval,2
Treadwell,2
don't,2
article,2
scan,2
use,2
\"\"\;\,2
intervals[0].layer_number,2
one,2
更新蛋白的覆盖率,2
在每行都加入一条横线,2
\"\"\);\,2
left,2
select,2
\"\N"\)\,2
\1,\,2
\1].Mod],\,2
current,2
二维数组,2
\ms1_draw_speedUp(one_width,\,2
\both,\,2
1].Mod));,2
...and,2
Black,2
max_scan,2
阶梯图的所有显示信息,2
z,2
match:,2
fs,2
parent(ItemsControl),2
(element_name,2
理论同位素信号强度,2
void,2
\ColorDialog,\,2
理论同位素强度,2
未找到某个资源的情况下使用),2
toolBar),2
Protein面板,2
fields,2
slider,2
++j),2
visual,2
Sets,2
alphabet_num_per_row);,2
code,2
第一行输入数据,2
Add,2
Open,2
var,2
3;,2
ResGen,2
Mark,2
document..,2
\DataPoint(ms1.Pepmass_ms2,\,2
pages,2
Constructor,2
selection,2
min_scan,2
根据后缀名来提取对应的文件名,2
MS1,2
aa_mass;,2
idea,2
FrameworkElement;,2
设置为,2
Slider,2
y,2
pos;,2
\this.Model2.Axes[1].ActualMinimum,\,2
26;,2
\Point3DToScreen2D(_p3dCollection[i],\,2
Cleavage:,2
Return,2
10,2
\instance,\,2
restrict,2
显示Summary面板,2
max_mass_error_score[0]:以Da为单位的最大误差，max_mass_error_score[1]：以ppm为单位的最大误差，max_mass_error_score[2]：最大分数,2
this.mod_index.Equals(other.mod_index),2
OxyPlot.VerticalAlignment.Top;,2
function.evi.EndTime;,2
Enhanced,2
穷举所有的任务,2
textAnnotation2.VerticalAlignment,2
return;,2
ComVisible,2
10;,2
regex,2
Peptide,2
[assembly:,2
<param,2
++i),2
disallowed,2
第i条曲线的第j列,2
COM,2
20;,2
Close,2
aa,2
search,2
aa.elements.Count;,2
WPF,2
Length,2
轻重3D图,2
以title+scan进行索引,1
arbitrary,1
properties,1
label,1
display_ms2_table.xaml,1
使用的是美国英语，请将,1
y-H2O,1
Creates,1
\[2,2]\,1
this.Model_Quantification,1
Tracker,1
当前Task任务下的param的路径,1
特性的注释。更新,1
用来表示加载第一个任务,1
evidence.TheoricalIsotopicMZList.Count;,1
(1/2/10):,1
120,1
Scan,1
修饰文件的路径,1
ChangeTextPosition();,1
MS1上显示的峰,1
box,1
page,1
返回此类使用的、缓存的,1
5,1
aa.elements[j];,1
j++)//5到26之间的点,1
lineAnnotation3.StrokeThickness,1
SolidColorBrush(Colors.Blue);,1
蛋白质鉴定到的子序列,1
DataGridRow,1
最大的M/Z值,1
\Protein_Help.split(selected_protein,\,1
\x,x-H2O,x-NH3,y,y-H2O,y-NH3,z,z-H2O,z-NH3\,1
轻重比例和Sigma，均取的是最小干扰,1
PSMs:,1
查找树形结构中的所有任务是否包含该任务，如果该任务已经在树形结构中，则提示用户该任务已在树结构中,1
60;,1
各种同位素峰的理论质荷比,1
requested,1
Preview,1
该子序列的下层子序列,1
每种氨基酸对应的元素表,1
Holds,1
BY的字体大小和字体风格,1
basic,1
ability,1
\Series"\)\,1
evidence.ScanTime[evidence.StartTime];,1
axis_lines.Lines.Add(point5);,1
box;,1
MessageBox.Show(e.Message);,1
往上看一行，看是否由于截断，上面仍然有一个鉴定到的子序列,1
intervals[j,1
toolBar,1
x^2,1
开始时间和结束时间,1
mod_Sites[k,1
污染数据库的路径,1
血红色,1
Use,1
LegendPosition,1
更新修饰的List列表,1
barSeries1.TrackerFormatString,1
z-H2O,1
read_allINI();,1
object,1
画3D轻重标记图,1
(Protein)this.protein_data.SelectedItem;,1
ensure,1
pixel's,1
hash_next和hash_first为考虑了序列和修饰的查询。,1
layer_max_number[1],1
tbx.LostFocus,1
蛋白质被鉴定到的修饰列表,1
Thickness(0);,1
\OK!"\);\,1
同位素峰簇的个数,1
更新protein的修饰列表,1
categoryAxis1.IntervalLength,1
\sender,\,1
LegendOrientation.Vertical,1
Ratio,1
定量的比例,1
查看是否文件中存在新的Task_path，如果存在，那么将位置放在最前面，如果不存在，则在最前面加上它,1
center,1
ddh.Delta_Width,1
z-NH3,1
文件索引,1
up,1
显示混合谱图的比例,1
Gets/sets,1
\1.0e-10,\,1
two,1
点击PSM列表中的某一行，那么就显示对应的匹配二级谱图,1
Modification:,1
this.Model_MassError_Da,1
ToolBar,1
特性设置为,1
肽段,1
Spectra:,1
Flip,1
Evidence,1
第三个为第几层中的第几个元素，这里的j和k不表示第几行第几列,1
Do,1
Test,1
使此程序集中的类型,1
//这句老是崩,1
按照计算的比例均匀分配在坐标轴上,1
\(double)Config_Help.modStr_hash[mod_Sites[0].Mod],\,1
根据内核使用的轻重标形式，来重新计算氨基酸表。目前，先按N14和N15生成两个氨基酸质量表,1
以下行中的“en-US”以匹配项目文件中的,1
\"\pFind.pfd"\,\,1
true。,1
SQ,1
加入鉴定到的修饰的子序列，一般为一个字母。,1
old_summary_width,1
返回匹配率，匹配的强度/总强度,1
C匹配,1
match,1
Visibility.Collapsed;,1
OxyColors.Green;,1
all_summary,1
psm_detail.N_all_matches[9]为b+的质量,1
显示混合谱图的PSM列表,1
如果没有更新就是刚开始加载的时候，需要记录阶梯图的坐标，或者如果当用户改变了,1
Modifications:,1
//N14一张氨基酸质量表,1
selected_protein,1
实际的信号强度,1
LegendOrientation,1
sources:,1
.pfd文件，pFind内核使用的参数文件，param文件夹下,1
ls,1
simple,1
支持批量导出PDF,1
raw_file_path,1
tmp.Title,1
观察时间点,1
\line,\,1
如果当前选中的是MS2,1
this.DataContext,1
Charge,1
linearAxis2.IntervalLength,1
bounds,1
OKCancelViewModel,1
hash_next_OnlySQ和hash_first_OnlySQ为只考虑了序列的查询。,1
80;,1
which,1
保留每1个像素内的最高峰,1
methods,1
regenerated,1
List<Interval>(intervals);,1
incorrect,1
(mainPanelBorder,1
ls.StrokeThickness,1
默认匹配误差是20ppm，到时候会根据搜索的误差参数进行设置,1
exposes,1
we,1
IsCancel,1
length表示一行显示多少个字母,1
this.Model_Specific2,1
one_task.Foreground,1
用于着色，可不用,1
ms1.Peaks[min_index].Intensity));,1
通过过滤的PSM，比如FDR=1%，那么为q_value<=0.01的所有PSM,1
sr.ReadLine();,1
StronglyTypedResourceBuilder,1
(在页面或应用程序资源词典中,1
MS2,1
\row_index,\,1
one_task.Header,1
第三行输入数据,1
linearAxis2.Transform(2,1
z^2,1
读取Summary中的统计信息,1
组件不可见。如果需要从,1
RotateTransform3D,1
\{4:N0}"\;\,1
Translate,1
Swatch,1
software,1
layer_interval[j][k].End,1
called,1
计算实际的同位素峰簇与理论的Cos相似度,1
isPPM=1,1
如果跑了定量，那么会显示轻重标记的多根峰簇信息,1
accepting,1
\"\)"\;\,1
CurrentUICulture,1
layer2.FontSize,1
酶切方式,1
user,1
map,1
如果有定量文件，那么PSM列表中显示它们的ratio和sigma，否则，不进行显示,1
\LegendPlacement.Outside,\,1
显示results信息,1
相对于蛋白质的开始位置,1
让坐标轴上没有间隔的小线出现,1
this.Model_Modification,1
delta_mz,1
1].layer_number,1
生成号,1
be,1
RoutedEventHandler(Save_NewTaskName);,1
tool,1
如果点击refresh按钮，那么参数is_refresh=true，需要对谱峰强度进行更新,1
buttons,1
ar,1
peak),1
PRO_N,1
质荷比,1
layer_interval[j][k]表示第j层第k个子序列,1
文件，然后重新运行,1
.ini氨基酸文件，可以与exe同路径,1
\categoryAxis1.Labels.Add("\"\);\,1
intense轴的坐标比例，max_intense,1
判断该路径下的result的spectra，quant，summary及aa文件是否存在，以及param的pfd和para文件是否存在,1
linearAxis2.MajorStep,1
0));,1
privately,1
overflowGrid.Visibility,1
\1,2,3,4\,1
pressed,1
(overflowGrid,1
form,1
GridLength(45);,1
Chromatogram,1
该PSM即肽段对应于哪些蛋白，可以通过解析AC号来计算出来,1
\(Scan,Intense,MZ)坐标比例\,1
Methods,1
(is_add_arrow),1
用来表示切换任务,1
.ini修饰文件，可以与exe同路径,1
在Spectrum列表中选择的某一个PSM，可以显示对应的MS1,1
%,1
m/z,1
\href="\http://msdn2.microsoft.com/en-us/library/ms648063.aspx"\/>\,1
found,1
0);,1
out,1
如果删除的任务是当前选中的任务需要把所有属性清空,1
\toolBar.Template.FindName("\OverflowGrid"\,\,1
PSM的title哈希到PSM的索引号,1
与程序集关联的信息。,1
当前屏幕中的最高峰的绝对强度,,1
同位素峰簇的强度,1
max_layer),1
support,1
_translate.OffsetX,1
\Initial_Task(task_path,\,1
c-NH3,1
数据库路径,1
http://weblogs.asp.net/savanness/archive/2006/12/05/colorcomb-yet-another-color-picker-dialog-for-wpf.aspx,1
相对于蛋白质的结束位置,1
\FontFamily("\Courier\,1
程序集的版本信息由下面四个值组成:,1
元素名对应的质量，以Mono质量为准,1
y^2,1
barSeries2.IsStacked,1
<UICulture>,1
-1),1
Version:4.0.30319.18444,1
List<Interval>,1
All_score_bins[0]),1
加入鉴定到的非修饰的子序列,1
修饰在蛋白protein中的modification中的索引位置，用来获取修饰名字,1
raw路径文件。需要修改，对参数文件的支持，默认与exe同路径，文件名为raws.rawini,1
Brimelow;,1
绘制MS1,1
\LegendPosition.RightTop,\,1
则将该类型上的,1
Apply,1
标记的by[M]及内部离子的颜色,1
将,1
mod_Sites[0].Mod));,1
Display_Mass_Error_Points,1
a-H2O,1
画这些图,1
bitmap,1
sender,1
增加鉴定到的序列的点击事件，将Border加框，方便用户查看当前选中的是哪个序列,1
MouseDown,1
when,1
Wheel,1
(All_ratio_bins[1],1
\a,a-H2O,a-NH3,b,b-H2O,b-NH3,c,c-H2O,c-NH3\,1
\AssemblyVersion("\1.0.*"\)]\,1
最后还有一个蛋白,1
记录最近打开的一些Task的路径，默认与exe同路径。,1
specified,1
MS1_Setting.xaml,1
1].intervals[intervals[0].interval_index].layer_number;,1
name,1
母离子误差+Da\ppm,1
files,1
Scale,1
切换任务的时候才会执行,1
扫描时间(时间跨度为定值),1
Label,1
蛋白AC号,1
设置弹出小气泡中的内容的格式,1
_translate.OffsetY,1
同位素峰簇的电荷信息,1
(note,1
VS,1
want,1
PEP_C,1
子序列的修饰信息，包括修饰相对于蛋白质的位置及修饰的名字，不同的修饰使用不同的颜色进行绘制,1
常规资源词典所处位置,1
Line,1
dis_help.ddh.Y_Delta_Interval,1
观测时间点,1
画鹰眼同时画星,1
Rotation3D,1
<see,1
scanTime也是升序排列的,1
下面函数，绘制MS2导出的母离子同位素峰簇信息，并使用红色标注，同时将质量信息附注上，最后返回实际的同位素簇。,1
width,1
at,1
MouseUp,1
Updates,1
handled),1
方法是按如下所示使用“*”:,1
top,1
需要显示质量及加标记显示吗,1
Task,1
fairly,1
this.Model_Mixed_Spectra,1
||,1
读取下一行没用的信息，直接跳过,1
Lee,1
(double)Config_Help.modStr_hash[mod_Sites[mainW.Dis_help.Psm_help.Pep.Sq.Length,1
基本数据结构,1
(is_need_display_text),1
还原之前的图，不还原会有一个小BUG,1
this;,1
Number,1
update_AA_Mass(),1
one_task.Background,1
interfered,1
\"\-log(score):\,1
fragments,1
碎裂离子误差+Da\ppm,1
换行回车,1
\cos(max_actual_isotope.intensity,theory_isotope.iostope)[count]\,1
layer2.Foreground,1
http://thewpfblog.com/?p=62,1
删除冗余的肽段，每条肽段只保留最高分的PSM,1
显示Param参数,1
在Spectrum列表中选择的PSM,1
理论同位素的m/z是升序排列的,1
intenseText3.Style,1
picker,1
change,1
\0,0\,1
\display_protein_Sq(selected_protein.SQ,\,1
\"\14N"\;\,1
ls.Points,1
\name="\initialColor"\>Color\,1
Zoom(-12);,1
\PlotModel("\Peak\,1
1],1
b,1
4.0;,1
有关程序集的常规信息通过以下,1
该if语句用来防止在多线程加载数据的时候，用户对PSM列表进行点击出现崩溃现象,1
=>,1
判断字符串是否为整数,1
DisplayPSM.xaml,1
charge_num至少为2，因为默认最小值为2，支持b++和y++,1
OKCancelDialog,1
this.Model_Specific,1
List<IDataPoint>();,1
a-NH3,1
(intervals[0].interval_index,1
表示Da匹配，mass_index表示第几组氨基酸质量表,1
PEP_N,1
b-H2O,1
into,1
\"\Mass\,1
c-H2O,1
byte,1
即第一位表示N端匹配，第二位表示C端匹配。以后增加：第一位表示a离子匹配（包括a\a-H2O\a-NH3)，第二位表示b离子匹配，第三位表示c离子,1
ResourceManager,1
2;,1
sort,1
pass,1
Changes,1
sp.Children.Count,1
canvas,1
\mass_index[0,\,1
只统计[1:10-10:1]之间的比值，因为在此区间外的比值，比值差距太大，统计无意义,1
匹配母离子,1
对任务名进行修改,1
+Y,1
用来对MS1进行加速，如果不加速，全图的话，MS1由于谱峰过多，导致绘制比较慢,1
Control,1
param,1
\"\15N"\;\,1
显示FDR曲线,1
this.Model_Modification2,1
鉴定到的肽段,1
button,1
_translate.OffsetZ,1
dr.Background,1
若要开始生成可本地化的应用程序，请在,1
第四位表示x离子匹配，第五位表示y离子匹配，第六位表示z离子匹配，第七位表示M离子匹配,1
Da_PPM,1
当单击Load菜项可以弹出对话框，让用户选择路径。,1
显示下方的MS2,1
第二个为Protein的个数，默认显示状态。后面三个为隐藏状态。,1
\[M],[M]-H2O,[M]-NH3\,1
Display_Mass_Error_Points();,1
该子序列的上层子序列，因为蛋白质序列每行以60个字母进行绘制，可能该子序列正好被隔断，那么需要记录隔断之前的子序列的索引号,1
加载任务的时候，主要是这块耗时,1
font_size,1
then,1
获取定性结果文件名,1
Events,1
click,1
website,1
首先根据psms中的AC值，穷举所有的AC蛋白，并建立AC号对应于psms索引号的索引。,1
Helper,1
this.Model_FDR,1
intenseText2.Style,1
Modification的标题行直接略过,1
only,1
类通过类似于,1
\FileStream(this.pFind_param_file,\,1
Window,1
N匹配,1
Write,1
displays,1
主题特定资源词典所处位置,1
ddh.LineWidth,1
Summary,1
左下角的屏幕坐标系,1
Compose,1
图,1
(在页面、应用程序或任何主题特定资源词典中,1
FirstPage,1
最大遗漏酶切位点数,1
LinearGradientBrush,1
更新定性的结果,1
this.Model_MassError_PPM,1
往下看一行，看是否由于截断，下面仍然有一个鉴定到的子序列,1
旋转时保持相对位置,1
moving,1
最小的M/Z值,1
(linearAxis2.Maximum,1
lineAnnotation3.MouseUp,1
\toolBar.Template.FindName("\MainPanelBorder"\,\,1
\control,\,1
任务的路径,1
long[],1
修饰在整个蛋白上的位置,1
.txt定量文件，result文件夹下,1
Fix,1
Ms2_setting.xaml,1
via,1
<PropertyGroup>,1
设置,1
UltimateResourceFallbackLocation.Satellite)],1
Blog;,1
该层循环表示绘制的行号,1
次版本,1
sets,1
查看你选择了哪些匹配离子,1
初始化all_matches,1
显示特异、半特异、非特异的比例,1
对批量导出的PDF进行合并，并打开该PDF图,1
@后面的标记,1
100,1
\width,\,1
.csproj,1
查看一个序列中的是否包含修饰，返回蛋白protein中的modification修饰列表的索引位置,1
判断字符串是否为浮点数,1
\sq.Substring(layer_interval[j][k].Start,\,1
(intervals[j].layer_number,1
读取到一个蛋白,1
ddh.X_Delta_SQ,1
文件中,1
判断是哪个任务被选择了，对选择的任务进行加载,1
invalidates,1
may,1
绘制多条竖线，模拟倒影效果,1
App.xaml,1
一层中非鉴定到的字符串，以空格表示,1
如果当前选中的是MS1,1
\New"\);\,1
ToolBar;,1
to.</param>,1
和,1
All_ratio_bins[0]),1
array,1
强度值,1
在Spectrum列表中展示的PSM,1
<=,1
一个强类型的资源类，用于查找本地化的字符串等。,1
this.raw_ini_file);,1
主版本,1
//N15一张氨基酸质量表,1
对,1
只跑了定性，那么只显示一根峰簇信息,1
\fragments,\,1
least,1
The,1
Enter,1
每个PSM考虑的候选肽数目,1
显示意外修饰的比例,1
此类是由,1
该氨基酸对应的元素的个数,1
/=,1
然后从treeView中删除该任务,1
方便进行统计，该值意义不大,1
控制换行字符数的变量，Windows和Linux对于定量结果的换行符大小可能不一样，这里以Windows为准，为1,1
(selected_protein,1
previewPresenter,1
is_add_arrow,1
用来表示是哪种标记，然后可以方便更换质量表,1
首先计算SQ哪些位置是带修饰的,1
UpdateColor();,1
mousedown,1
\informations,\,1
特性集控制。更改这些特性值可修改,1
Barber,1
add,1
points,1
//初始化各种ini文件、索引文件等读入内存。,1
对以下,1
property,1
Gets,1
该窗口目前只支持一个任务，想要哪个任务，就点击Load进行加载。,1
(int)Math.Round(e.HitTestResult.Index),1
作为命令选项)，或重新生成,1
为了去冗余,1
建索引,1
修订号,1
ChangeAxisTextPosition();,1
font_size;,1
barSeries1.IsStacked,1
Read,1
原先相对List<Interval>中的索引位置,1
start,1
Protein,1
显示选中的某一个或者某几个肽段对应的多张谱图,1
data_RD.Height,1
Modification(k,1
overflowGrid,1
中的,1
http://xamltoys.codeplex.com/,1
增加阴影效果,1
内部离子匹配上了,1
copy,1
x-H2O,1
\score.ToString("\#.##e+000"\);\,1
scan轴的坐标比例，(max_scan,1
例子中有三条曲线,1
delta,1
will,1
只有先更新了protein的修饰列表，才能更新interval中的修饰列表，因为interval中的修饰列表需要protein的修饰列表的索引号,1
zooming,1
\[0,0]\,1
在右上方画一个鹰眼，来表示理论的同位素分布，同时显示Cos相似度，并在实际的同位素峰上标记星号,1
\psms,\,1
instead,1
Runtime,1
全部为屏幕坐标,1
将FDR控制在[0.0%-5%]范围内,1
(Brush)FindResource(SystemColors.HighlightBrushKey);,1
为所有资源查找重写当前线程的,1
following,1
movements,1
可变修饰的数目,1
固定修饰的数目,1
理论同位素峰簇的相对强度,1
MainWindow.xaml,1
读取修饰信息，修饰名字对应于它的偏移质量,1
ShawnVN's,1
display),1
用于解决MS1与MS2的Tab切换的时候，它们的阶梯图无法显示,1
//这个将在后面进行改动,1
element_name=aa.elements[j];,1
ref,1
Protein_Adanvaced_Dialog.xaml,1
generated,1
MS1加速,1
读取元素表及氨基酸表,1
该氨基酸对应的元素组成,1
格式化,1
可以指定所有这些值，也可以使用“生成号”和“修订号”的默认值，,1
drawing,1
(以,1
1,1
this.Model1.RefreshPlot(true);,1
扫描号,1
score,1
\最后在面板上显示的时候，row_index,column_index分别表示显示的是第几行及第几个列(列表示StackPanel中的第几个元素，该元素是Border，而不是TextBlock\,1
.aa文件，pFind内核输出的所有氨基酸质量文件，result文件夹下,1
long[100000000];,1
Peptide面板,1
mainPanelBorder,1
子序列需要画在哪一层中，由于序列与序列之间有重叠需要以不同的层次进行绘制,1
hex,1
初始化Recent菜单，将最近打开的任务列表放在菜单中,1
NeutralResourceLanguage,1
Modify,1
ms2_advance.xaml,1
include:,1
layer2.Text,1
\get_File("\rawini"\,\,1
当前Task任务的路径,1
pick,1
lineAnnotation3.FontSize,1
linearAxis2.Minimum),1
读取所有的氨基酸质量表,1
写电荷,1
每根峰的匹配误差，可能一根峰与多种离子匹配则记录多个匹配误差,1
项目。,1
\mass_error为匹配的误差,PPM的匹配，下面还需要增加类似的函数Da的匹配，为什么使用两个，这样处理更加方便，增加一个参数，反而感觉不好\,1
double.Parse(value);,1
private,1
external,1
自定义的rawini与exe本路径,1
可能没有跑定量，可以没有.quant文件,1
linearAxis2.Transform(50,1
tmp.RefreshPlot(false);,1
previous,1
绘制最上层的谱图title，序列，母离子质量，母离子误差等信息,1
鉴定到的肽段的理论Mz,1
(i,1
//total=XXXX,1
linearAxis1.Key;,1
[modify],1
linearAxis2.Transform(10,1
添加所有的系统字体,1
i++怎么办,1
digit,1
输出任务的路径,1
支持对字符串子串的筛选,1
intenseText1.Style,1
如果Number>1，则继续往下读,1
rd.Height,1
(summary_tab.SelectedIndex,1
4.0.30319.18444,1
mod_Sites[mainW.Dis_help.Psm_help.Pep.Sq.Length,1
Mixed,1
attributes,1
显示Da\ppm的质量误差,1
(DataGridRow)(data.ItemContainerGenerator.ContainerFromItem(p));,1
intervals[0].End;,1
IsDefault,1
第四个才表示第几行第几列,1
area,1
>,1
Modification(mainW.Dis_help.Psm_help.Pep.Sq.Length,1
fragments[i,1
http://www.codeproject.com/KB/WPF/WPFColorPicker.aspx,1
edges,1
Visual,1
x-NH3,1
this.Model_Score,1
mainPanelBorder.Margin,1
points;,1
读取二级谱图的索引，扫描号对应于索引文件的位置，可以获得谱图信息,1
0表示N14，1表示N15，最多支持四类氨基酸表,1
在实际同位素峰上增加Star来与理论同位素进行对齐,1
设为<0的值可以防止横轴时隐时现现象,1
首先加载所有的task_path,1
更新intervals的layer_number,1
匹配内部离子,1
定义BY数字与BY的大小关系，[0，1]之间,1
匹配和非匹配的线宽,1
获取定量结果文件名,1
用来进行标记，如果该PSM在列表中显示了，则为1，如果没有显示则为0,1
用户输入的FDR值必须以百分号结尾,1
读取一级谱图的索引,1
每根峰的匹配的字符串，可能一根峰与多种离子匹配则记录多个匹配的字符串,1
将所有all_psms中的q_value<=0.01的放入到psms中,1
\Deviation("\\,1
每根峰是N端匹配还是C端，0不匹配，1为N端匹配，2为C端匹配，3为NC均匹配，2^6为M匹配,1
\.summary文件,定性得到的统计信息文件，result文件夹下\,1
ls.Color,1
linearAxis1.Reset();,1
do,1
蛋白质被鉴定到的子串对应于PSM列表中的索引号,1
you,1
初始化只考虑HCD，即b+\b++\y+\y++，并且加上母离子[M]+和[M]++,1
20,1
(1/2/10),1
http://sachabarber.net/?p=424,1
fs_open,1
List<Protein_Fragment>,1
GridLength(data_RD.ActualHeight,1
\MessageBox.Show("\Save\,1
以表格的形式查看二级谱图的匹配情况,1
0,1
面板,1
的工具自动生成的。,1
NORMAL,1
Save,1
在Spectrum列表中选择的某一个PSM，用来显示MS2，MS1和3D定量图,1
增加1-charge_num中所有离子,1
多少TH以内的需要显示质量信息，如果是定量，则为20,1
表示PPM匹配，isPPM=0,1
更新interval的Count,1
lost,1
LegendPlacement,1
ls.LineStyle,1
有哪些二级谱图（即PSM列表）鉴定到该肽段。为psms的索引号,1
匹配到b离子，那么会在对应的阶梯中显示N端匹配,1
属性，,1
strokes,1
axis_lines.Lines.Add(point10);,1
下一条记录开始位置,1
伪造窗口改变，让阶梯图重新绘制,1
positions,1
window,1
FileStream(this.folder_param_path,1
b-NH3,1
count,1
viewer,1
mf,1
Summary面板，质量误差分布图,1
内部离子匹配颜色,1
y-NH3,1
{2:0.00}\nnumber,1
运行时版本:,1
copy;,1
1);,1
dr,1
move,1
intensity_ratio为refresh时候，强度需要缩放的比例,1
SolidColorBrush(Colors.Yellow);,1
layer_interval[j][k].column_index,1
(All_score_bins[All_score_bins.Count,1
下面两项才是标阶梯图用的,1
selected_psm,1
Score,1
强度,1
\MessageBox.Show("\By\,1
ToolTip第一个为PSM的个数，默认显示状态。,1
1*1,1
alphabet_num_per_row,1
写字母,1
//raw文件的路径，用来获取pf索引文件，默认索引文件路径与raw文件路径保持一致,1
c,1
static,1
读取有几个Raw文件。,1
back,1
A,1
每一行显示多少个蛋白字母,1
PRO_C,1
由于psms列表重新更新，那么里面的过滤查找功能也得重新更新,1
tbx.SelectAll();,1
(double)Config_Help.modStr_hash[mod_Sites[k,1
初始化,1
GridUnitType.Pixel);,1
该任务搜索时候所使用的碎裂类型名，因为二级索引文件名中需要这个信息,1
下一条,1
pfinder,1
内部离子，考虑+\++\+++，默认仅考虑+1价的内部离子,1
Prefer,1
更新layer2的Text，因为可能有修饰，使用不同的颜色进行标记，那么就需要加入TextBlock.Inlines,1
background,1
RoutedEventArgs,1
\mass_index[1,\,1
more,1
Added,1
Model1.Axes[3].Transform(105),1
dragging,1
ls.YAxisKey,1
搜索的各个raws的路径,1
pointer,1
old_intervals,1
\http://pfind.ict.ac.cn"\);\,1
this.protein_SQ_txt.ActualWidth;,1
重新生成代码，这些更改将丢失。,1
\一共有多个profile，得再长度为10的轴上均匀显示，所以，用此控制,10\,1
(note:,1
layer2.FontFamily,1
Zoom(12);,1
有几条曲线,1
.ResX,1
同位素峰簇的m/z,1
MS2上导出的峰,1
已经切除掉其后缀名.raw,1
除以profile总数,1
显示定量比值的直方图,1
tracking,1
按扫描号指引到索引文件的位置。因为一个任务有多个RAW文件，那么索引文件也有多个，所以Hashtable也有多个。,1
无匹配,1
tmp,1
initial_Summary();,1
cause,1
bad,1
task_name;,1
一条记录起始位置,1
如果是用户手动选择了Peptide面板，则selected_psm为null，否则是由于用户点击Protein面板中的PSM列表选择的,selected_psm此时不为null,1
在.pfd文件中，有一项是搜索的数据库的路径,1
定量信息，非数比值个数、均值、中位数、标准差,1
读PSM列表。,1
\(s,\,1
Win32,1
若要添加或移除成员，请编辑,1
绘制谱峰,1
<UICulture>CultureYouAreCodingWith</UICulture>。例如，如果您在源文件中,1
或,1
访问此程序集中的类型，,1
FirstPage.xaml,1
tmp.Series.Add(ls);,1
close,1
修饰名对应的质量,1
Ink,1
max_layer,1
包括26////////////////////////////////,1
this.protein_SQ_grid.RowDefinitions.Count,1
AlphaSlider,1
绘制下面的误差,1
统计定量的比值信息，包括：非数比值个数、均值、中位数和标准差,1
\name="\initialColor"\></param>\,1
LineSeries();,1
标记同位素峰簇,1
-=,1
实例。,1
.ini元素文件，可以与exe同路径,1
borrows,1
min_scan),1
evidence.ScanTime[evidence.EndTime];,1
该子序列有多少个PSM鉴定到，值等于psms_index.Count(),1
en-US。然后取消,1
显示正反库的打分分布,1
\打分宽度,让最终形成50个bin\,1
RGB,1
(Brush)FindResource(SystemColors.HighlightTextBrushKey);,1
Button's,1
如果没有跑定量就不用加载定量结果文件,1
使用多线程,1
当从Summary面板切回到Peptide面板，然后将滑动条向上拖，会出现BUG..,1
定量的结果,1
先读取文件夹的路径，将该文件夹删除,1
上一条记录终止位置,1
layer_interval[j][k].Start,1
最后一行，表示内部离子,1
(old_summary_width,1
\FileStream(pFind_param_file,\,1
.txt同位素峰簇的理论相对强度，可以与exe同路径,1
肽段字符串中C端中有哪些匹配上了,1
column_index;,1
母离子匹配颜色,1
Summary面板,1
绘制阶梯图,1
20种颜色,1
Model1.Axes[3].Transform(106);,1
delays,1
计算Cos相似度,1
绘制鉴定到的序列，首先查看是否包含修饰。layer_interval[j][k]表示第j层中的第k个子序列，mods认为是该子序列中的修饰。,1
肽段字符串中N端中有哪些匹配上了，HCD只有b\y匹配上了才标记，ETD只有c\z匹配上了才标记,1
\NeutralResourcesLanguage("\en-US"\,\,1
frame_right.ActualWidth),1
\Modification(0,\,1
当前Task任务下的result的路径。下面都是该路径下的文件名,1
Left,1
please,1
以不同的颜色来显示不同的修饰,1
第五个表示fragments中的索引号，表示是第几段，[0-59]表示第一段，[60-119]表示第二段,1
方法是使用此强类型资源类。,1
绘制MS2,1
ToolBar_Loaded(object,1
layer_interval[j][k].row_index,1
Ratio(Based,1
.spectra定性文件，result文件夹下,1
最后获取多个raw的文件名,1
Studio,1
Setting,1
设置。,1
e^(yDelta/100),1
/str,1
需要重新加载一个新的Task,1
first,1
UICulture,1
CF_ENHMETAFILE,1
Sacha,1
ratio_offset,1
e.Handled,1
is_need_display_text,1
this.FontSize.Text,1
import,1
this.protein_psms_data.ItemsSource,1
LineStyle.Solid;,1
读取的所有PSM,1
rejecting,1
intervals[0].layer_number;,1
\"\"\)\,1
dis_ms_points,1
